Country Name,Country Code,Series Name,Series Code,1999 [YR1999],2000 [YR2000],2001 [YR2001],2002 [YR2002],2003 [YR2003],2004 [YR2004],2005 [YR2005],2006 [YR2006],2007 [YR2007],2008 [YR2008],2009 [YR2009],2010 [YR2010],2011 [YR2011],2012 [YR2012],2013 [YR2013],2014 [YR2014],2015 [YR2015],2016 [YR2016],2017 [YR2017],2018 [YR2018]
Austria,AUT,"Adolescent fertility rate (births per 1,000 women ages 15-19)",SP.ADO.TFRT,14.2118,13.9232,13.6346,13.346,12.9022,12.4584,12.0146,11.5708,11.127,10.5944,10.0618,9.5292,8.9966,8.464,8.2392,8.0144,7.7896,7.5648,7.34,7.0444
Austria,AUT,"Death rate, crude (per 1,000 people)",SP.DYN.CDRT.IN,9.8,9.6,9.3,9.4,9.5,9.1,9.1,9,9,9,9.3,9.2,9.1,9.4,9.4,9.2,9.6,9.2,9.5,9.5
Austria,AUT,"Fertility rate, total (births per woman)",SP.DYN.TFRT.IN,1.34,1.36,1.33,1.39,1.38,1.42,1.41,1.41,1.38,1.42,1.39,1.44,1.43,1.44,1.44,1.46,1.49,1.53,1.52,1.47
Austria,AUT,Number of under-five deaths,SH.DTH.MORT,464,449,436,423,409,394,379,367,358,351,345,338,331,322,314,310,308,308,308,308
Austria,AUT,"Population ages 0-14, total",SP.POP.0014.TO,1360628,1348118,1335267,1329418,1326404,1322536,1314129,1303282,1285491,1265159,1246028,1230814,1218637,1211102,1208730,1211372,1220347,1238043,1251975,1264013
Austria,AUT,"Population ages 15-64, total",SP.POP.1564.TO,5405924,5430475,5458858,5487686,5512293,5544123,5581012,5601862,5614453,5627244,5636777,5644039,5658054,5678351,5704617,5740267,5794026,5846595,5877874,5896670
Austria,AUT,"Population ages 65 and above, total",SP.POP.65UP.TO,1225773,1232972,1248168,1264854,1282726,1305307,1332688,1363497,1395543,1429093,1460518,1488551,1514952,1540538,1566476,1594717,1628326,1652029,1667717,1679837
Austria,AUT,Population growth (annual %),SP.POP.GROW,0.194563153264961,0.240466652446524,0.382799394483217,0.49198046425522,0.487133894826838,0.620413127334181,0.681267248299787,0.494797775098466,0.324146535285463,0.313041437661508,0.261953189906348,0.240394299500766,0.337080841831645,0.45593747231891,0.589387254692989,0.781541632525841,1.12099250236958,1.08139629872802,0.694621103604983,0.487071924768999
Austria,AUT,Population density (people per sq. km of land area),EN.POP.DNST,96.7828045531606,97.0158149673044,97.3879026398644,97.8682126422863,98.3461249697263,98.9581738919835,99.6346451925406,100.128856866069,100.45638301005,100.771345840527,101.035665641397,101.287430158942,101.6417363772,102.114865434913,102.7471301857,103.563324191706,104.730792682674,105.869493435483,106.607445296677,107.127966860564
Austria,AUT,"Population, total",SP.POP.TOTL,7992324,8011566,8042293,8081957,8121423,8171966,8227829,8268641,8295487,8321496,8343323,8363404,8391643,8429991,8479823,8546356,8642699,8736668,8797566,8840521
Austria,AUT,Rural population (% of total population),SP.RUR.TOTL.ZS,39.509,39.787,40.066,40.345,40.625,40.906,41.187,41.468,41.751,42.034,42.317,42.601,42.885,42.853,42.664,42.474,42.285,42.095,41.906,41.703
Austria,AUT,Rural population growth (annual %),SP.RUR.TOTL.ZG,0.89812491175979,0.941656371726022,1.08157534430797,1.185935427302,1.178734238023,1.30971473571801,1.36587373361459,1.17473154926458,1.00429018248659,0.98858677639898,0.932950941943189,0.909284540429824,1.00150942177741,0.381293051594331,0.147379069641977,0.335191173526533,0.675020793495077,0.631048571591179,0.244636214954562,0.0014647106450744
Austria,AUT,Urban population (% of total population),SP.URB.TOTL.IN.ZS,60.491,60.213,59.934,59.655,59.375,59.094,58.813,58.532,58.249,57.966,57.683,57.399,57.115,57.147,57.336,57.526,57.715,57.905,58.094,58.297
Austria,AUT,Urban population growth (annual %),SP.URB.GROW,-0.262302086402193,-0.220175991539749,-0.0816252765125744,0.0253698675997875,0.0166746410827647,0.146033119948255,0.204609524563365,0.0158696802034512,-0.16052793407859,-0.173990969023818,-0.227452142237554,-0.253173145767403,-0.158921841854284,0.511947895650249,0.919560199445851,1.11238523257782,1.44900148037757,1.41006179973647,1.02047862584527,0.835905515118155
Austria,AUT,GDP (constant 2010 US$),NY.GDP.MKTP.KD,325507251810.694,336495472200.435,340759435782.358,346387261608.152,349648396949.29,359211700961.583,367272646184.907,379958397036.836,394121024465.176,399876861217.528,384823184161.595,391892746544.69,403346977095.66,406091533760.531,406195106237.474,408881164188.391,413029270083.549,421246227873.787,431354400137.306,442483864448.169
Austria,AUT,GDP per capita (current US$),NY.GDP.PCAP.CD,27174.2971559775,24564.4582948404,24537.5142629883,26401.7454564357,32222.8972411655,36821.5214680093,38403.1338770715,40635.2818159724,46855.7717452095,51708.7657541758,47963.1794023217,46858.0432733717,51374.9584066934,48567.69528642,50716.7087062864,51717.4959405515,44178.0473777432,45276.8314351693,47426.5119597773,51478.2852619277
Austria,AUT,Consumer price index (2010 = 100),FP.CPI.TOTL,80.7093814395498,82.6019071178291,84.7908570145113,86.3258763824301,87.4960726122246,89.2995447582843,91.352665259889,92.6695568305428,94.6791480637343,97.7239823432117,98.2187670258861,100,103.286581973655,105.853949200371,107.971196398553,109.705002346264,110.68857934681,111.675470271742,113.999736749152,116.2778868282
Austria,AUT,"Inflation, consumer prices (annual %)",FP.CPI.TOTL.ZG,0.568990766899814,2.34486455542566,2.64999922285055,1.81035953871319,1.35555673319826,2.06120354001778,2.29913882222146,1.44154696188379,2.16855599824037,3.21595022953491,0.506308350120954,1.81353628033681,3.28658197365512,2.48567352860068,2.00015891157196,1.60580414549751,0.896565315628228,0.891592367302732,2.08126858275521,1.99838187702266
Austria,AUT,Current health expenditure (% of GDP),SH.XPD.CHEX.GD.ZS,..,9.20371437,9.26942921,9.3947649,9.5472393,9.70939827,9.62702942,9.5311327,9.53209686,9.72564602,10.22582531,10.22101879,10.02613258,10.19915581,10.28574944,10.36809254,10.36746693,10.3522625,10.38262367,10.32559872
Austria,AUT,Natural gas rents (% of GDP),NY.GDP.NGAS.RT.ZS,0.0048101736222917,0.0286668583344258,0.0511387706245257,0.0394717188694376,0.0364289502290143,0.0271583753885103,0.0223091004293339,0.0444220569337828,0.042335784744479,0.0480742522031227,0.0486715350808296,0.0404650052672264,0.0552904557425686,0.0656986077166252,0.0483893470374962,0.0308688034239929,0.0234744444639073,0.0132882333086577,0.0208806027216267,0.0235349714614227
Austria,AUT,Poverty headcount ratio at national poverty lines (% of population),SI.POV.NAHC,..,..,..,..,13,12.6,12.6,12,15.2,14.5,14.7,14.5,14.4,14.4,14.1,13.9,14.1,14.4,14.3,13.3
Austria,AUT,Social contributions (% of revenue),GC.REV.SOCL.ZS,9.36235827115397,9.30552686218512,8.89961261683183,8.93363164591649,8.9672775749667,8.94751112275471,8.08046438561498,8.02293250710277,7.7085094586894,7.49665074017018,7.60567391201948,7.65396879759017,7.46100997034536,7.43006287581404,7.49960826717846,7.50317584129886,7.41141310829431,7.62541101747617,7.66925361472226,7.55492728900779
Austria,AUT,Out-of-pocket expenditure (% of current health expenditure),SH.XPD.OOPC.CH.ZS,..,17.82221985,18.46295738,18.61328697,18.88836861,19.30190468,19.18325996,18.80627632,18.80613899,18.24393272,18.0512867,18.60162544,18.73956299,18.67409134,19.1712513,19.09817696,19.09111214,19.24335289,19.14415932,18.36519051
Austria,AUT,"New business density (new registrations per 1,000 people ages 15-64)",IC.BUS.NDNS.ZS,..,..,..,..,..,..,..,0.671026883561216,0.645120726809896,0.650940318209056,0.580828370538696,0.615871010104643,0.567863085081903,0.53853662797527,0.607578037228442,0.737770560149903,0.626679963120635,0.606848943701419,0.625906577786458,0.649040665363275
Austria,AUT,Military expenditure (% of GDP),MS.MIL.XPND.GD.ZS,0.980246123382213,0.98031858008593,0.908240040709509,0.88352783657309,0.913640318789259,0.893480466242935,0.850142574026263,0.785813244459197,0.90045717278703,0.870705123070585,0.833379564692924,0.821232711530621,0.790897558452031,0.778464250647036,0.750825383084571,0.747780095379783,0.698138152053235,0.732544816508556,0.756179041980548,0.743446243195501
Austria,AUT,Military expenditure (% of general government expenditure),MS.MIL.XPND.ZS,1.9444742410797,1.93159028105101,1.76504348593881,1.68193442016185,1.82318437443309,1.65790767717745,1.66192198199585,1.55982953492681,1.82864212363054,1.7459147315395,1.53927540878487,1.55432460438281,1.55406732517693,1.5200500024511,1.45374554670875,1.42911231198155,1.36812564395945,1.45875723900454,1.54373861692146,1.5330712698684
Austria,AUT,"Automated teller machines (ATMs) (per 100,000 adults)",FB.ATM.TOTL.P5,..,..,..,..,..,116.155650908178,106.787971708347,108.336124527106,108.6163244601,110.156303475869,112.338574062372,112.918308777036,113.801661395515,115.627210779941,117.272602619716,186.367141359818,183.270747601299,162.923202587141,165.03677445544,169.405219396587
Austria,AUT,"Employment to population ratio, 15+, total (%) (national estimate)",SL.EMP.TOTL.SP.NE.ZS,56.214900970459,55.9622993469238,55.9039993286133,56.1012992858887,56.3252983093262,53.9178009033203,55.2630004882813,55.9847984313965,57.024600982666,57.6889991760254,57.2406005859375,57.4849014282227,57.7286987304688,57.8067016601563,57.6702995300293,57.2832984924316,57.2476997375488,57.5265007019043,57.8524017333984,58.3916015625
Austria,AUT,"Labor force participation rate, total (% of total population ages 15+) (national estimate)",SL.TLF.CACT.NE.ZS,58.9859008789063,58.714298248291,58.2374992370605,58.9604988098145,59.1519012451172,57.2583999633789,58.5583000183105,59.0824012756348,59.9361991882324,60.1730003356934,60.4449996948242,60.3959999084473,60.4892997741699,60.7627983093262,60.9202003479004,60.6940994262695,60.7226982116699,61.2074012756348,61.2187995910645,61.36669921875
Austria,AUT,"Labor force, total",SL.TLF.TOTL.IN,3888031,3899049,3886923,3972924,3992277,3891230,4017205,4074387,4162676,4209458,4256745,4276558,4305238,4352557,4394140,4412653,4460833,4537043,4566743,4601213
Austria,AUT,"Unemployment, total (% of total labor force) (modeled ILO estimate)",SL.UEM.TOTL.ZS,4.69799995422363,4.68699979782104,4.00699996948242,4.84899997711182,4.77899980545044,5.83400011062622,5.62799978256226,5.24300003051758,4.85799980163574,4.12799978256226,5.30100011825562,4.82000017166138,4.56400012969971,4.86499977111816,5.33500003814697,5.61999988555908,5.72300004959106,6.01399993896484,5.49900007247925,4.84800004959106
Austria,AUT,"Self-employed, total (% of total employment) (modeled ILO estimate)",SL.EMP.SELF.ZS,13.6759996414185,13.5120000839233,13.4200000762939,13.5,13.03600025177,12.548999786377,12.9530000686646,13.0480003356934,13.6879997253418,13.5430002212524,13.6389999389648,13.8129997253418,13.2760000228882,13.0729999542236,13.201000213623,13.2880001068115,12.9969997406006,12.7209997177124,12.3769998550415,12.0059995651245
Austria,AUT,"Intentional homicides (per 100,000 people)",VC.IHR.PSRC.P5,0.74523829988,1.0162002142,0.86443711868,0.79907523638,0.61155683412,0.71804021269,0.65425552022,0.73623970999,0.54127322618,0.69531650388,0.60912556084,0.68965968267,0.88720637757,0.92916799475,0.72462150506,0.52233231827,0.53003531533,0.65162919875,0.79365961209,0.96722860774
Austria,AUT,Individuals using the Internet (% of population),IT.NET.USER.ZS,23.0443,33.7301,39.1855,36.56,42.7,54.28,58,63.6,69.37,72.87,73.45,75.17,78.74,80.03,80.6188,80.9958,83.9401,84.3237,87.9356,87.7105
Austria,AUT,Fixed broadband subscriptions (per 100 people),IT.NET.BBND.P2,0.632211,2.36081,3.95913,5.54435,7.35092,10.5881,14.224,17.2835,19.5099,20.7276,22.4364,24.3806,24.8146,25.0546,26.0922,27.3818,28.2935,28.8466,28.472,28.3533
Austria,AUT,Fixed telephone subscriptions (per 100 people),IT.MLT.MAIN.P2,48.9249,49.5336,49.3594,47.7355,47.4201,46.5023,45.3012,43.5106,40.9804,39.3813,38.8526,40.4045,40.0781,39.7543,38.9659,40.8452,41.5951,40.7806,42.6626,42.4279
Austria,AUT,Mobile cellular subscriptions (per 100 people),IT.CEL.SETS.P2,52.7926,75.8061,80.7755,82.8087,88.9693,97.2641,104.984,112.017,119.224,129.664,136.563,145.554,154.05,159.817,155.116,150.346,155.215,126.661,123.119,123.535
France,FRA,"Adolescent fertility rate (births per 1,000 women ages 15-19)",SP.ADO.TFRT,7.5022,7.6438,7.7854,7.927,7.7912,7.6554,7.5196,7.3838,7.248,7.128,7.008,6.888,6.768,6.648,6.2638,5.8796,5.4954,5.1112,4.727,4.7362
France,FRA,"Death rate, crude (per 1,000 people)",SP.DYN.CDRT.IN,9.1,8.9,8.8,8.8,9.1,8.3,8.5,8.3,8.3,8.5,8.5,8.5,8.4,8.7,8.7,8.4,8.9,8.9,9.1,9.2
France,FRA,"Fertility rate, total (births per woman)",SP.DYN.TFRT.IN,1.81,1.89,1.9,1.88,1.89,1.92,1.94,2,1.98,2.01,2,2.03,2.01,2.01,1.99,2,1.96,1.92,1.9,1.88
France,FRA,Number of under-five deaths,SH.DTH.MORT,4093,4029,3961,3872,3765,3660,3575,3514,3473,3447,3427,3402,3368,3317,3253,3194,3159,3152,3173,3214
France,FRA,"Population ages 0-14, total",SP.POP.0014.TO,11519631,11516741,11560114,11589483,11611206,11641681,11684235,11757021,11830508,11902096,11964879,12015681,12080460,12138462,12188810,12218166,12213213,12174167,12109023,12024710
France,FRA,"Population ages 15-64, total",SP.POP.1564.TO,39347712,39614814,39876233,40159945,40452228,40764786,41088277,41357728,41605999,41819125,41971520,42053370,42065649,42019757,41950713,41868703,41770003,41682778,41603803,41524833
France,FRA,"Population ages 65 and above, total",SP.POP.65UP.TO,9629375,9780945,9921083,10055839,10181452,10298427,10406839,10506632,10579718,10653763,10770641,10958456,11196671,11501590,11859164,12225198,12565056,12867160,13151553,13416369
France,FRA,Population growth (annual %),SP.POP.GROW,0.514456334749952,0.684929253818552,0.727786404872444,0.727231515093808,0.708779199037771,0.736313540733143,0.753800831613331,0.697207001264929,0.618697375923742,0.558854358516408,0.514489503911642,0.494035951436993,0.483658695308374,0.484005119770168,0.514784474469256,0.473703877476612,0.355569240058298,0.263868788565368,0.210010696141084,0.151733988951895
France,FRA,Population density (people per sq. km of land area),EN.POP.DNST,110.482966936778,111.242096161892,112.054654271399,112.872521320344,113.613134004426,114.515476452475,115.384063944828,116.191340641695,116.912441834144,117.567641210864,118.174073061316,118.759339991649,119.335121151416,119.914109283287,120.53300011079,121.105324096186,121.536703849107,121.857824759823,122.114008137994,122.299437237519
France,FRA,"Population, total",SP.POP.TOTL,60496718,60912500,61357430,61805267,62244886,62704895,63179351,63621381,64016225,64374984,64707040,65027507,65342780,65659809,65998687,66312067,66548272,66724104,66864379,66965912
France,FRA,Rural population (% of total population),SP.RUR.TOTL.ZS,24.386,24.129,23.873,23.62,23.368,23.117,22.87,22.623,22.379,22.132,21.883,21.631,21.378,21.122,20.865,20.606,20.345,20.083,19.82,19.556
France,FRA,Rural population growth (annual %),SP.RUR.TOTL.ZG,-0.290135092728347,-0.374550013875153,-0.338846882838443,-0.338197376791725,-0.363844649644392,-0.343612562454103,-0.320426091622605,-0.388688127871526,-0.465709284853547,-0.550998322587716,-0.616948726890097,-0.664228280899994,-0.692849019955517,-0.720717820957584,-0.709420593844052,-0.775374196840344,-0.919145180646347,-1.03227976096816,-1.10820584422079,-1.18920314634855
France,FRA,Urban population (% of total population),SP.URB.TOTL.IN.ZS,75.614,75.871,76.127,76.38,76.632,76.883,77.13,77.377,77.621,77.868,78.117,78.369,78.622,78.878,79.135,79.394,79.655,79.917,80.18,80.444
France,FRA,Urban population growth (annual %),SP.URB.GROW,0.77532892185055,1.02423813392003,1.06463355533666,1.05901944209546,1.03816520596862,1.06331691370923,1.07455325320471,1.01693481077796,0.933540345573458,0.87656291770773,0.833749462972945,0.81611071097678,0.805969410649883,0.809085451887715,0.840074810274819,0.800457281912814,0.683771061907009,0.592247248892875,0.538562017646172,0.480451975332608
France,FRA,GDP (constant 2010 US$),NY.GDP.MKTP.KD,2245421036606.84,2333523930837.68,2379814544862.63,2406838088236.23,2426650234855.52,2495318440945.62,2536821075827.56,2598956033155.96,2661973862041.22,2668760456862.06,2592078593605.6,2642609548930.36,2700554065228.66,2709010438478.52,2724623188257.82,2750675573424.93,2781288181330.75,2811756203322.11,2876185347152.35,2927751436718.37
France,FRA,GDP per capita (current US$),NY.GDP.PCAP.CD,24673.1989691744,22364.0293943406,22433.5557141945,24177.3351674642,29568.385949668,33741.2651469175,34760.1877663866,36443.6234414411,41508.4339850416,45334.1144358246,41575.4187483737,40638.33400426,43790.7320482019,40874.7035053457,42592.9340943342,43011.2631028417,36638.184929157,37037.3741861219,38812.1610341682,41631.0907389044
France,FRA,Consumer price index (2010 = 100),FP.CPI.TOTL,82.998117158493,84.3891323092084,85.768709637685,87.4183955374897,89.2528462580725,91.1647222368861,92.7563391930177,94.3101233525137,95.7134561579475,98.4057435464288,98.4919671294586,100,102.11159795175,104.107058016154,105.006246810607,105.539425293424,105.579017755019,105.772580900597,106.864453008147,108.842316422953
France,FRA,"Inflation, consumer prices (annual %)",FP.CPI.TOTL.ZG,0.537141639134613,1.6759598872093,1.63478079549599,1.9234122872706,2.09847219146922,2.14208964640242,1.74586936380481,1.67512449608728,1.48799805953858,2.81286194914787,0.0876204781574529,1.53112270420924,2.11159795174997,1.95419531613507,0.863715497861826,0.507758822937957,0.0375143805125363,0.183334861123848,1.03228275064674,1.85081508315494
France,FRA,Current health expenditure (% of GDP),SH.XPD.CHEX.GD.ZS,..,9.58447742,9.70562744,10.02218628,10.08283329,10.16429329,10.2148447,10.39308834,10.33102131,10.51212215,11.29670525,11.24011326,11.20183182,11.31324291,11.43607998,11.58073521,11.46616745,11.50134468,11.39050198,11.25789452
France,FRA,Natural gas rents (% of GDP),NY.GDP.NGAS.RT.ZS,0.000782511781252991,0.00402463637970622,0.00745005000648138,0.00512805872202831,0.00401534510661804,0.00267394339712374,0.00219175751970072,0.0046252445618842,0.00378652148104377,0.0046561003234482,0.00411287891387266,0.00277394798873608,0.00306073606367221,0.00306096563642696,0.00179996732515606,5.5450726931193E-05,6.81514311612689E-05,3.96186613942657E-05,4.56466615550896E-05,3.46840731201359E-05
France,FRA,Poverty headcount ratio at national poverty lines (% of population),SI.POV.NAHC,..,..,..,..,..,13,13.2,13.1,12.5,12.9,13.3,14,14.1,13.7,13.3,13.6,13.6,13.2,13.4,..
France,FRA,Social contributions (% of revenue),GC.REV.SOCL.ZS,9.5088832817418,9.74450099308862,9.54892448568688,9.96425379803396,10.5163716179561,9.76874681176671,9.87822657909718,10.8598136530804,10.719181623654,11.0939524028734,12.6279422306309,11.4023336884898,11.9319260712703,11.9350814033888,11.6815733677772,11.7092665258074,11.6731052134289,11.5281237246872,11.022599725632,11.0879268144112
France,FRA,Out-of-pocket expenditure (% of current health expenditure),SH.XPD.OOPC.CH.ZS,..,7.27349663,7.33573961,7.13796902,7.37661886,7.24623203,7.36894703,9.3506012,9.51166344,10.01639843,10.1556015,10.222229,10.22453308,10.10579109,9.93086147,9.83829308,9.69980621,9.55150795,9.53568935,9.24835968
France,FRA,"New business density (new registrations per 1,000 people ages 15-64)",IC.BUS.NDNS.ZS,..,..,..,..,..,..,..,3.2891797150946,3.854612408177,3.86923447107035,3.62869869854606,3.89148360761575,3.96173609493104,3.79633323438781,3.7871823537302,3.95789473684211,4.11461641257384,4.5212875543242,4.7566982232765,4.84103012995792
France,FRA,Military expenditure (% of GDP),MS.MIL.XPND.GD.ZS,2.17784297022174,2.08501824480333,2.03069528996546,2.04625799037992,2.0956804128006,2.10435083527246,2.02370691892637,1.97509829987374,1.90752863357749,1.89707589581907,2.09814733452729,1.96941935275241,1.89140621361087,1.87108059984757,1.84987591828694,1.86296143947269,1.87225828127684,1.91728236804142,1.91045413294624,1.85101019218304
France,FRA,Military expenditure (% of general government expenditure),MS.MIL.XPND.ZS,4.15916682254688,4.03664247573078,3.92645351975583,3.87583863805826,3.93403524955552,3.97160816369336,3.79724453303837,3.73536019722208,3.62885898295714,3.55948832790609,3.67118007286521,3.46230230152887,3.36006966306541,3.2764313647162,3.2324769425109,3.25615126608226,3.2963702715752,3.38801416093687,3.38854084632286,3.30308777517797
France,FRA,"Automated teller machines (ATMs) (per 100,000 adults)",FB.ATM.TOTL.P5,..,..,..,..,..,85.6076156898389,92.8767691289403,92.1943315216846,99.9660500975775,101.625814839846,104.136802434015,106.095194683541,109.214168665578,109.369444681577,108.946541542922,108.217375559585,107.229109661959,104.740725915046,102.273100005048,98.286892230716
France,FRA,"Employment to population ratio, 15+, total (%) (national estimate)",SL.EMP.TOTL.SP.NE.ZS,49.0691986083984,50.0119018554688,50.720100402832,50.8671989440918,51.7202987670898,51.2392997741699,51.4589004516602,51.4084014892578,51.967601776123,52.3848991394043,51.6389999389648,51.499698638916,51.3058013916016,51.1605987548828,50.8376007080078,50.3354988098145,50.2079010009766,50.2360000610352,50.4482002258301,50.654598236084
France,FRA,"Labor force participation rate, total (% of total population ages 15+) (national estimate)",SL.TLF.CACT.NE.ZS,55.7481994628906,55.7033004760742,55.4987983703613,55.7153015136719,56.4056015014648,56.2535018920898,56.2352981567383,56.1520004272461,56.2765007019043,56.3662986755371,56.5820999145508,56.5130996704102,56.2631988525391,56.4687995910645,56.4365005493164,56.1105003356934,56.0069007873535,55.8418998718262,55.6852989196777,55.6744995117188
France,FRA,"Labor force, total",SL.TLF.TOTL.IN,27159264,27361298,27429358,27762298,28318911,28501444,28783710,28938757,29189036,29401083,29643733,29742815,29744876,29984799,30126536,30068094,30138027,30197208,30236456,30391825
France,FRA,"Unemployment, total (% of total labor force) (modeled ILO estimate)",SL.UEM.TOTL.ZS,11.9809999465942,10.2170000076294,8.60999965667725,8.70199966430664,8.30599975585938,8.91399955749512,8.49300003051758,8.44799995422363,7.65700006484985,7.06300020217896,8.73600006103516,8.87100028991699,8.81099987030029,9.39999961853027,9.92099952697754,10.2919998168945,10.3590002059937,10.0570001602173,9.39700031280518,9.05900001525879
France,FRA,"Self-employed, total (% of total employment) (modeled ILO estimate)",SL.EMP.SELF.ZS,12.1820001602173,11.4119997024536,10.8990001678467,10.7720003128052,11.4940004348755,11.0369997024536,10.8809995651245,11.3629999160767,10.9840002059937,10.5609998703003,10.9469995498657,11.4919996261597,11.628999710083,11.4440002441406,11.2720003128052,11.6099996566772,11.5900001525879,11.8129997253418,11.6409997940063,11.6809997558594
France,FRA,"Intentional homicides (per 100,000 people)",VC.IHR.PSRC.P5,1.6233882102,1.7809003839,1.7630974311,1.871130009,1.6381310163,1.631026352,1.5968552945,1.4290609278,1.6049981809,1.6412361598,1.3095015143,1.2659126694,1.3539541606,1.2333982084,1.2160857437,1.2337688132,1.5701316524,1.3515270942,1.27077123,1.1986365025
France,FRA,Individuals using the Internet (% of population),IT.NET.USER.ZS,9.12532,14.3079,26.3259,30.18,36.14,39.15,42.87,46.87,66.09,70.68,71.58,77.28,77.82,81.44,81.9198,83.75,78.01,79.2698,80.5025,82.0435
France,FRA,Fixed broadband subscriptions (per 100 people),IT.NET.BBND.P2,0.0936898,0.333137,1.0129,2.7674,5.92413,10.8093,15.4957,20.6653,25.4569,28.6614,31.7414,33.9331,35.9826,37.7256,39.0337,40.4542,41.6845,42.8035,43.8139,44.7712
France,FRA,Fixed telephone subscriptions (per 100 people),IT.MLT.MAIN.P2,57.7265,57.5905,57.3957,57.0606,56.2857,55.5257,55.1488,55.4798,56.2477,56.4225,65.4495,64.6029,63.8541,62.4723,61.1643,60.45,60.3989,60.3177,59.7263,59.4241
France,FRA,Mobile cellular subscriptions (per 100 people),IT.CEL.SETS.P2,36.5109,49.2287,62.3018,64.5202,69.2131,73.3863,78.6778,83.9911,89.476,93.1888,92.6052,91.898,94.6123,97.9482,99.1086,101.918,103.456,104.49,106.439,108.408
Poland,POL,"Adolescent fertility rate (births per 1,000 women ages 15-19)",SP.ADO.TFRT,17.6164,16.9076,16.1988,15.49,15.5802,15.6704,15.7606,15.8508,15.941,15.6194,15.2978,14.9762,14.6546,14.333,13.574,12.815,12.056,11.297,10.538,10.1692
Poland,POL,"Death rate, crude (per 1,000 people)",SP.DYN.CDRT.IN,9.9,9.6,9.5,9.4,9.6,9.5,9.6,9.7,9.9,10,10.1,9.9,9.9,10.1,10.2,9.9,10.4,10.2,10.6,10.9
Poland,POL,"Fertility rate, total (births per woman)",SP.DYN.TFRT.IN,1.37,1.37,1.31,1.25,1.22,1.23,1.24,1.27,1.31,1.39,1.4,1.41,1.33,1.33,1.29,1.32,1.32,1.39,1.48,1.46
Poland,POL,Number of under-five deaths,SH.DTH.MORT,4026,3621,3332,3131,2993,2897,2832,2782,2721,2627,2495,2351,2222,2112,2013,1922,1843,1776,1720,1670
Poland,POL,"Population ages 0-14, total",SP.POP.0014.TO,7831300,7482513,7203862,6956357,6734271,6528844,6339569,6175378,6047368,5952609,5877617,5789081,5770297,5721689,5664289,5631897,5638815,5613942,5650381,5716064
Poland,POL,"Population ages 15-64, total",SP.POP.1564.TO,26250883,26175945,26340524,26473243,26584808,26703186,26834929,26938980,27036802,27130959,27201173,27128349,27048558,26941406,26793429,26602465,26371771,26152707,25894815,25606338
Poland,POL,"Population ages 65 and above, total",SP.POP.65UP.TO,4578088,4600170,4703691,4800764,4885492,4950192,4990947,5026909,5036390,5042191,5072813,5125363,5244399,5400068,5582478,5777373,5975826,6203438,6429630,6652347
Poland,POL,Population growth (annual %),SP.POP.GROW,-0.0083027528251411,-1.04433539837844,-0.0275871247282958,-0.0463189372499392,-0.067492701646486,-0.0585127351273288,-0.043948953332248,-0.0633705742926632,-0.0543050208038707,0.0136373796827091,0.067763227021235,-0.285609121534849,0.0537697088781007,-0.000239076003298365,-0.0603600174744649,-0.0748462292920506,-0.0666411009657168,-0.04298513087435,0.0124800985844923,-0.000200132782838419
Poland,POL,Population density (people per sq. km of land area),EN.POP.DNST,126.221133566228,124.909820758105,124.875366482745,124.81753893369,124.753689916405,124.644083178272,124.589315444129,124.514452206843,124.44685296422,124.471952334313,124.564460624265,124.209200731357,124.296296901022,124.300058781268,124.229110740995,124.144273163722,124.061569613639,124.008253045495,124.0237303635,124.023482151605
Poland,POL,"Population, total",SP.POP.TOTL,38660271,38258629,38248076,38230364,38204570,38182222,38165445,38141267,38120560,38125759,38151603,38042794,38063255,38063164,38040196,38011735,37986412,37970087,37974826,37974750
Poland,POL,Rural population (% of total population),SP.RUR.TOTL.ZS,38.328,38.284,38.239,38.213,38.324,38.436,38.548,38.659,38.771,38.884,38.996,39.108,39.22,39.346,39.471,39.597,39.722,39.822,39.895,39.942
Poland,POL,Rural population growth (annual %),SP.RUR.TOTL.ZG,-0.125642226510531,-1.15919892400365,-0.145200577453248,-0.114336934076848,0.222560481287494,0.233309942181831,0.247021544579148,0.224163764307143,0.234989364945632,0.304669701592825,0.355385570107288,0.00118970102042262,0.339748603884341,0.320511315736704,0.256828990748737,0.243867409984705,0.248543033878433,0.208445053099634,0.195629438247021,0.11754101204152
Poland,POL,Urban population (% of total population),SP.URB.TOTL.IN.ZS,61.672,61.716,61.761,61.787,61.676,61.564,61.452,61.341,61.229,61.116,61.004,60.892,60.78,60.654,60.529,60.403,60.278,60.178,60.105,60.058
Poland,POL,Urban population growth (annual %),SP.URB.GROW,0.0646909836665849,-0.973016273174752,0.0453020282998503,-0.00422912734687445,-0.247301959358141,-0.240274327668896,-0.226039605840911,-0.2441598232723,-0.237058174108073,-0.171087005249751,-0.115663063732749,-0.469373364884263,-0.1303330146759,-0.207759736934845,-0.266658549206173,-0.28322811788103,-0.273799474051689,-0.209018844680892,-0.108901258043135,-0.0784280352345459
Poland,POL,GDP (constant 2010 US$),NY.GDP.MKTP.KD,312676052134.116,326937286505.489,331051702981.461,337791596192.75,349608894637.35,367029283985.01,379900441083.806,403192683978.377,431664312008.755,449794050343.249,462533048121.248,479834179020.33,502662952276.722,509322687626.439,515056478625.676,532458063874.241,555014724902.995,572451795841.21,600104964680.131,632232812655.457
Poland,POL,GDP per capita (current US$),NY.GDP.PCAP.CD,4398.08104335996,4501.45406742273,4991.24435799511,5207.17142069402,5701.6022116161,6681.38647195042,8021.50574346795,9035.41046744936,11254.5173881254,13996.0251506835,11526.0558884824,12613.0109954681,13879.5609852546,13097.2708482174,13696.4663046143,14271.3058536202,12578.4954734362,12447.4395912808,13864.6817579973,15468.4822194105
Poland,POL,Consumer price index (2010 = 100),FP.CPI.TOTL,69.1969832771014,76.0476059850374,80.1605156227079,81.6877996186006,82.2454833504474,85.0275575766466,86.8843882939709,88.0005867683732,90.1642951444917,93.9196127328737,97.4842305999707,100,104.239401496259,107.950711456653,109.021563737715,109.080240575033,108.126741968608,107.407950711457,109.637670529558,111.625348393722
Poland,POL,"Inflation, consumer prices (annual %)",FP.CPI.TOTL.ZG,7.1540729117986,9.90017538843062,5.40833545566151,1.90528215048054,0.682701375787657,3.38264681884694,2.18379872390258,1.28469394366409,2.45874312385397,4.1649719352477,3.79539242483406,2.58069370250546,4.23940149625935,3.56037151702788,0.99198260633235,0.0538213132400467,-0.874125874125849,-0.664767331434023,2.07593553673862,1.81295156542681
Poland,POL,Current health expenditure (% of GDP),SH.XPD.CHEX.GD.ZS,..,5.29816675,5.6786437,6.07919645,5.96231365,5.8686347,5.80728388,5.8007226,5.87294197,6.37348223,6.58686304,6.4190917,6.23382092,6.20108318,6.3754797,6.35254002,6.39785814,6.54295063,6.56172848,6.33085012
Poland,POL,Natural gas rents (% of GDP),NY.GDP.NGAS.RT.ZS,0.0127872229820069,0.0702362830344111,0.124515913241363,0.0949580000689453,0.0957350845833765,0.0786274831303742,0.0672090045889692,0.114034334768593,0.0998220013933661,0.115826075768535,0.121194500226345,0.0874504930094218,0.126051886121042,0.141950230381467,0.127524448139415,0.0862240298530237,0.0669790840021374,0.0409562702687324,0.0558778777190267,0.0727619166534636
Poland,POL,Poverty headcount ratio at national poverty lines (% of population),SI.POV.NAHC,..,..,..,..,..,20.5,19.1,17.3,16.9,17.1,17.6,17.7,17.1,17.3,17,17.6,17.3,15,14.8,15.4
Poland,POL,Social contributions (% of revenue),GC.REV.SOCL.ZS,3.76223649453566,3.87312307350281,4.42385626273747,4.31159261371113,4.34162464868051,4.50859169947507,4.30062685507777,4.15934037795114,3.77343110264666,3.82687832302682,4.26899161649614,4.14306402829753,4.01464542651593,4.23742843947962,4.64088791498535,4.58810248983465,4.40584609462652,4.35443247678732,3.98057271960788,3.65770856135556
Poland,POL,Out-of-pocket expenditure (% of current health expenditure),SH.XPD.OOPC.CH.ZS,..,31.3272171,29.19262886,26.66282272,28.05083656,29.79473114,28.04986191,27.31521225,26.67068291,24.43300247,24.51955605,23.8652668,23.96363258,24.27406502,23.80160332,23.01104355,23.31281471,23.0804615,23.05681801,20.79457855
Poland,POL,"New business density (new registrations per 1,000 people ages 15-64)",IC.BUS.NDNS.ZS,..,..,..,..,..,..,..,0.486655396752216,0.509712650186956,0.467289047910175,0.530638880904143,0.667935966173246,0.714270978881758,0.918771648369057,1.11560935332316,1.13354157218137,1.52526730191916,1.66418719102386,1.50234709149303,1.44008533908467
Poland,POL,Military expenditure (% of GDP),MS.MIL.XPND.GD.ZS,1.90113577122386,1.83033658531361,1.90563800121799,1.90063864932514,1.90804203657513,1.8732410064926,1.92612986992008,1.92004479241445,2.00186930839799,1.75146123575018,1.7971765213437,1.83387785771516,1.78801192731283,1.79609371404023,1.76939395676853,1.896864039804,2.13845668437553,1.94093638641844,1.89542726789235,2.05527132750256
Poland,POL,Military expenditure (% of general government expenditure),MS.MIL.XPND.ZS,4.50122903692034,4.35051815367385,4.23031275881795,4.18628220838892,4.16677207919105,4.29739650818862,4.33861170429297,4.29897407777922,4.63306596199118,3.95406439200445,3.98997531039973,4.00344382264313,4.07480240517339,4.19066329496737,4.15402054551895,4.47430834049706,5.13160507387403,4.72170772546831,4.597221866614,4.94667986303084
Poland,POL,"Automated teller machines (ATMs) (per 100,000 adults)",FB.ATM.TOTL.P5,..,..,..,..,..,25.4443617360523,27.5750461668361,31.0893903185361,35.9864400150755,43.1353473315482,48.6893685831059,50.887164525833,53.8569430524141,56.2373855861552,58.3026137306362,63.4067409478701,68.4533073662319,72.4530069944983,71.8651163229562,70.9421332288612
Poland,POL,"Employment to population ratio, 15+, total (%) (national estimate)",SL.EMP.TOTL.SP.NE.ZS,49.5745010375977,47.543701171875,46.4049987792969,44.592399597168,44.0505981445313,44.0000991821289,45.1586990356445,46.5280990600586,48.5488014221191,50.3620986938477,50.4380989074707,49.9856986999512,50.1963996887207,50.2314987182617,50.160701751709,51.1920013427734,51.9468994140625,52.7537994384766,53.6786994934082,54.1716003417969
Poland,POL,"Labor force participation rate, total (% of total population ages 15+) (national estimate)",SL.TLF.CACT.NE.ZS,56.5208015441895,56.8114013671875,56.8502998352051,55.6674003601074,54.6327018737793,54.3699989318848,54.9015007019043,54.0023002624512,53.7055015563965,54.2212982177734,54.9235992431641,55.3166999816895,55.5463981628418,55.8671989440918,55.9366989135742,56.2486000061035,56.1594009399414,56.2173004150391,56.4370002746582,56.3381004333496
Poland,POL,"Labor force, total",SL.TLF.TOTL.IN,17165879,17319259,17575061,17379278,17300482,17265652,17529374,17324552,17327863,17563966,17832022,18035953,18101817,18228625,18269077,18388187,18315532,18376997,18443681,18391322
Poland,POL,"Unemployment, total (% of total labor force) (modeled ILO estimate)",SL.UEM.TOTL.ZS,12.289999961853,16.3129997253418,18.3729991912842,19.8950004577637,19.3700008392334,19.0729999542236,17.746000289917,13.8409996032715,9.60200023651123,7.11800003051758,8.16699981689453,9.63700008392334,9.63199996948242,10.0880002975464,10.326000213623,8.98999977111816,7.50099992752075,6.16099977493286,4.88700008392334,3.84500002861023
Poland,POL,"Self-employed, total (% of total employment) (modeled ILO estimate)",SL.EMP.SELF.ZS,26.8150005340576,27.3840007781982,27.9529991149902,28.2210006713867,26.9720001220703,26.5009994506836,25.7530002593994,24.4309997558594,23.4570007324219,22.9200000762939,22.7369995117188,22.9759998321533,22.8649997711182,22.3939990997314,21.8299999237061,21.3530006408691,21.2320003509521,20.7169990539551,20.4150009155273,20.2740001678467
Poland,POL,"Intentional homicides (per 100,000 people)",VC.IHR.PSRC.P5,1.9212884674,2.2175134858,2.014036746,1.8602891658,1.7220828327,1.6484566891,1.4464818525,1.2775572022,1.368850832,0.84991479735,1.0090758419,1.0018318914,1.1022068584,1.0699234754,0.79930723911,0.75345694315,0.78350792589,0.68440471715,0.75619494927,0.73045470014
Poland,POL,Individuals using the Internet (% of population),IT.NET.USER.ZS,5.45644,7.28543,9.90067,21.15,24.87,32.53,38.81,44.58,48.6,53.13,58.97,62.32,61.95,62.31,62.8492,66.6,67.997,73.3007,75.9854,77.5417
Poland,POL,Fixed broadband subscriptions (per 100 people),IT.NET.BBND.P2,..,..,0.0311449,0.316156,0.509216,2.28092,2.46334,7.59013,10.883,11.6347,14.5912,15.2845,18.2103,18.0178,18.4261,18.9909,19.1027,19.2895,20.1062,18.856
Poland,POL,Fixed telephone subscriptions (per 100 people),IT.MLT.MAIN.P2,26.3826,28.3882,29.5877,30.8176,31.9768,32.6917,30.8485,29.9199,27.3524,24.6473,22.1461,20.0029,17.8981,15.5672,21.6401,25.5491,23.804,21.4354,19.5305,19.5305
Poland,POL,Mobile cellular subscriptions (per 100 people),IT.CEL.SETS.P2,10.2585,17.4989,25.9662,36.1106,45.2664,60.1467,76.0156,95.8049,107.914,114.52,116.83,122.495,131.012,141.487,149.307,149.393,143.39,139.518,132.95,134.748
Romania,ROU,"Adolescent fertility rate (births per 1,000 women ages 15-19)",SP.ADO.TFRT,38.379,37.409,36.439,35.469,36.7016,37.9342,39.1668,40.3994,41.632,40.6178,39.6036,38.5894,37.5752,36.561,36.491,36.421,36.351,36.281,36.211,35.535
Romania,ROU,"Death rate, crude (per 1,000 people)",SP.DYN.CDRT.IN,11.8,11.4,11.7,12.4,12.4,12.1,12.3,12.2,12.1,12.3,12.6,12.8,12.5,12.7,12.4,12.8,13.2,13.1,13.3,13.5
Romania,ROU,"Fertility rate, total (births per woman)",SP.DYN.TFRT.IN,1.3,1.31,1.27,1.27,1.3,1.33,1.4,1.42,1.45,1.6,1.66,1.59,1.47,1.52,1.46,1.56,1.62,1.69,1.71,1.76
Romania,ROU,Number of under-five deaths,SH.DTH.MORT,5091,4675,4444,4351,4287,4173,3980,3692,3366,3084,2871,2694,2529,2359,2174,1980,1807,1671,1557,1440
Romania,ROU,"Population ages 0-14, total",SP.POP.0014.TO,4293732,4171613,4027106,3815725,3624113,3464321,3355381,3275828,3221279,3195874,3198765,3194045,3188448,3161989,3125334,3094916,3076601,3038876,3026135,3024973
Romania,ROU,"Population ages 15-64, total",SP.POP.1564.TO,15186950,15217134,15012304,14792134,14766860,14758006,14717464,14647869,14422200,14152524,13998668,13880704,13770831,13677968,13597261,13503208,13377211,13230919,13058609,12876560
Romania,ROU,"Population ages 65 and above, total",SP.POP.65UP.TO,2991358,3054224,3092560,3122637,3183353,3229421,3246839,3270063,3239503,3189477,3170054,3172122,3188250,3218078,3261097,3310855,3361804,3432472,3502546,3571012
Romania,ROU,Population growth (annual %),SP.POP.GROW,-0.156978616024445,-0.129440039806255,-1.39542998635748,-1.83065499370162,-0.7212622974018,-0.569786272532879,-0.61753095660306,-0.592402560029107,-1.47722298197717,-1.66638264306554,-0.833088754778975,-0.593959183588628,-0.491866212866043,-0.445177936198383,-0.371323062878035,-0.374575497762261,-0.470052227864654,-0.573660845379617,-0.585281876382116,-0.587536174086448
Romania,ROU,Population density (people per sq. km of land area),EN.POP.DNST,97.8747386759582,97.701323407775,96.3474380740934,94.5338495671466,93.8218134377039,93.2684695652174,92.7023436820593,92.1547960692234,90.8390186610988,89.3339495432797,88.5311962096844,88.0107411432297,87.5332493374462,87.201265107382,86.8742903099596,86.5306806328234,86.1248956884562,85.6322453059805,85.132519123783,84.633801286509
Romania,ROU,"Population, total",SP.POP.TOTL,22472040,22442971,22131970,21730496,21574326,21451748,21319685,21193760,20882982,20537875,20367487,20246871,20147528,20058035,19983693,19908979,19815616,19702267,19587290,19472545
Romania,ROU,Rural population (% of total population),SP.RUR.TOTL.ZS,46.842,46.996,47.148,47.22,47.088,46.957,46.826,46.695,46.564,46.433,46.302,46.171,46.04,46.026,46.063,46.1,46.113,46.1,46.064,46.002
Romania,ROU,Rural population growth (annual %),SP.RUR.TOTL.ZG,0.170184630836351,0.198788581093338,-1.07252549401185,-1.67806085648107,-1.00119058294419,-0.848383223456467,-0.89689338199902,-0.872559093765536,-1.75815616582368,-1.94812026699569,-1.11560739373328,-0.877285072920264,-0.775998230393519,-0.475594122304342,-0.290958604135462,-0.294291804123965,-0.441853227884971,-0.601857327531557,-0.663405475490221,-0.722220921470095
Romania,ROU,Urban population (% of total population),SP.URB.TOTL.IN.ZS,53.158,53.004,52.852,52.78,52.912,53.043,53.174,53.305,53.436,53.567,53.698,53.829,53.96,53.974,53.937,53.9,53.887,53.9,53.936,53.998
Romania,ROU,Urban population growth (annual %),SP.URB.GROW,-0.444385278166408,-0.419565624342385,-1.68260799572644,-1.96697734313015,-0.471484890969484,-0.322505381518045,-0.370871358103029,-0.346339811096976,-1.23177330661917,-1.42152269565098,-0.588839831638732,-0.350299532205801,-0.248797870803971,-0.419233409344486,-0.439904419368495,-0.443190037101381,-0.494176791077897,-0.549538435633047,-0.518512123896522,-0.472652218056084
Romania,ROU,GDP (constant 2010 US$),NY.GDP.MKTP.KD,107310890612.622,109952094351.041,115689544451.415,122287309511.908,125150235592.491,138201043602.491,144652472925.674,156266346693.626,167570353781.434,183166909447.59,173060868628.322,166309355234.589,169479324149.248,172937829621.072,179459249986.084,185935438388.184,191427365158.106,200430189829.58,215100574411.243,224725300753.379
Romania,ROU,GDP per capita (current US$),NY.GDP.PCAP.CD,1599.88953304677,1659.90763954548,1825.17980455979,2119.88267323918,2679.41190951209,3494.94451718304,4617.92901643258,5757.4964285719,8360.16632132485,10435.0439841037,8548.11867218639,8214.07689289811,9099.2175388969,8507.10477456436,9547.85215096612,10043.6774497614,8969.14892146193,9548.58740298268,10807.7953907179,12399.889335731
Romania,ROU,Consumer price index (2010 = 100),FP.CPI.TOTL,21.9557697926015,31.9822220530293,43.0087366998496,52.7028570340903,60.7524221025182,67.9663855949141,74.0934960123342,78.952928412357,82.7721415383444,89.2704189428403,94.2583322230047,100,105.789253288159,109.317243085825,113.673220777738,114.887603022632,114.204990933389,112.440756038601,113.946361611816,119.216932828292
Romania,ROU,"Inflation, consumer prices (annual %)",FP.CPI.TOTL.ZG,45.8037811326362,45.6665940440238,34.4770123493528,22.5398862605386,15.2734889936255,11.8743635936399,9.01491283343835,6.55851412276983,4.83732928313989,7.85080255714483,5.58742004264392,6.09141668601892,5.78925328815882,3.33492267693443,3.98471235548128,1.06830987684293,-0.594156437495137,-1.54479666813904,1.33902121104396,4.62548443137781
Romania,ROU,Current health expenditure (% of GDP),SH.XPD.CHEX.GD.ZS,..,4.20876122,4.37598133,4.57694626,5.37136745,5.47733545,5.52778149,5.07106066,5.02223349,5.02274227,5.27841282,5.76906252,4.69901562,4.7180357,5.19262123,5.03005028,4.94264841,4.99377203,5.1508317,5.55660582
Romania,ROU,Natural gas rents (% of GDP),NY.GDP.NGAS.RT.ZS,0.199662321033978,0.963908192281765,1.73784534072407,1.10279420279715,0.886561375969533,0.58251162915237,0.454833273739459,0.763156210031135,0.55689774661815,0.647064332456732,0.653326064654609,0.522608501989955,0.723777617673701,0.817642746009334,0.722239069170595,0.465756925499583,0.36098459823615,0.189161853263808,0.292869380776041,0.370890321764824
Romania,ROU,Poverty headcount ratio at national poverty lines (% of population),SI.POV.NAHC,..,..,..,..,..,..,..,24.6,23.6,22.1,21.6,22.3,22.9,23,25.1,25.4,25.3,23.6,23.5,23.8
Romania,ROU,Social contributions (% of revenue),GC.REV.SOCL.ZS,2.02708295396229,1.82546823508631,3.65088953409069,3.36052673375976,2.24704884772987,2.30047378455507,3.23068169695246,2.9840263736044,3.17275164010714,3.07823792126637,3.64613727062865,3.38302886828647,0.165269679014437,0.120674766243821,0.127559512426605,0.118596038417676,0.111658931900957,4.05504133072991,5.3534198857544,7.46827760664232
Romania,ROU,Out-of-pocket expenditure (% of current health expenditure),SH.XPD.OOPC.CH.ZS,..,19.41972351,18.94091988,17.83514595,15.12717628,24.32698631,18.49897003,19.99056435,17.59607506,18.1821537,20.78450394,19.63123703,24.27583885,22.42794037,20.17611504,20.31369972,21.28186798,20.75498581,20.48815536,19.45757103
Romania,ROU,"New business density (new registrations per 1,000 people ages 15-64)",IC.BUS.NDNS.ZS,..,..,..,..,..,..,..,6.34761274831172,7.12408647779118,7.1115230046598,4.04967101155624,3.73604969892017,4.78126556051701,4.49935253540584,4.43412831451864,4.17537817680065,4.81546102599065,5.58455193321907,7.53556448733236,7.31851262824714
Romania,ROU,Military expenditure (% of GDP),MS.MIL.XPND.GD.ZS,2.64025926740376,2.49891418426016,2.4207451879196,2.28729607547664,2.08848713354877,2.00765756131918,1.98193527598999,1.82257107476766,1.48217045589644,1.40462834481121,1.28911571928162,1.25505682001034,1.29733883980683,1.22834816214223,1.28438842827724,1.34824087284571,1.45062825942291,1.40341173601431,1.72342028367043,1.81959674237005
Romania,ROU,Military expenditure (% of general government expenditure),MS.MIL.XPND.ZS,7.56728831947099,7.16781365802012,7.35744374807356,7.14627855563744,6.79839502129053,6.06443308358329,6.21336067342974,5.44971994829815,4.32116133504598,3.96918180529077,3.51962320133622,3.27792500593308,3.53220969406633,3.50769282564051,3.7819225244428,3.99197769786721,4.24646504481855,4.4878171103774,5.58939434662952,5.64603584596881
Romania,ROU,"Automated teller machines (ATMs) (per 100,000 adults)",FB.ATM.TOTL.P5,..,..,..,..,..,18.2905537295579,24.2369534605961,33.6813422441831,42.1929867125497,53.3156467930085,56.509739047554,59.2394480539472,64.8973883017239,65.0270483401856,63.8970851196134,65.124057165719,68.653979938485,66.7751239828676,66.837125792253,64.7147189870943
Romania,ROU,"Employment to population ratio, 15+, total (%) (national estimate)",SL.EMP.TOTL.SP.NE.ZS,60.9094009399414,59.9468994140625,59.0663986206055,53.0959014892578,52.040699005127,51.3120002746582,50.0679016113281,50.9712982177734,51.2569007873535,51.3540000915527,50.7061004638672,51.0513000488281,50.2271995544434,50.9029006958008,50.6632995605469,51.1377983093262,50.8283996582031,50.5521011352539,52.2322006225586,52.6750984191895
Romania,ROU,"Labor force participation rate, total (% of total population ages 15+) (national estimate)",SL.TLF.CACT.NE.ZS,64.9609985351563,64.4359970092773,63.211799621582,57.7820014953613,55.9276008605957,55.6040992736816,53.9375991821289,54.9672012329102,54.7692985534668,54.5087013244629,54.4401016235352,54.869800567627,54.1109008789063,54.6130981445313,54.5330009460449,54.8700981140137,54.5438003540039,53.7224998474121,54.9389991760254,54.9768981933594
Romania,ROU,"Labor force, total",SL.TLF.TOTL.IN,11821172,11758898,11398822,10266418,9966317,9906396,9603716,9752372,9571583,9347165,9224239,9369334,9179103,9226931,9184265,9210239,9114728,8952240,9108470,9054882
Romania,ROU,"Unemployment, total (% of total labor force) (modeled ILO estimate)",SL.UEM.TOTL.ZS,6.23699998855591,6.96700000762939,6.55800008773804,8.10999965667725,6.94999980926514,7.7189998626709,7.17399978637695,7.26900005340576,6.41300010681152,5.78700017929077,6.85900020599365,6.95900011062622,7.17700004577637,6.79400014877319,7.09600019454956,6.80200004577637,6.81199979782104,5.90100002288818,4.92700004577637,4.18699979782104
Romania,ROU,"Self-employed, total (% of total employment) (modeled ILO estimate)",SL.EMP.SELF.ZS,44.1780014038086,46.1080017089844,46.0989990234375,39.7760009765625,39.5400009155273,34.6129989624023,35.3930015563965,33.8610000610352,33.7430000305176,32.5779991149902,32.7840003967285,35.1689987182617,33.1949996948242,33.359001159668,32.818000793457,32.0820007324219,28.9750003814697,26.6089992523193,26.3050003051758,25.2210006713867
Romania,ROU,"Intentional homicides (per 100,000 people)",VC.IHR.PSRC.P5,2.538330358,2.5115841171,3.1788109828,3.0018379851,3.2043604347,2.2569398583,2.0217313239,1.6812411911,1.8018278426,1.4498653138,1.2501214386,1.2993445637,1.0080289258,1.0480798214,1.0828112163,1.6220860846,1.701364635,1.5457449581,1.297448057,1.2816496985
Romania,ROU,Individuals using the Internet (% of population),IT.NET.USER.ZS,2.69758,3.61372,4.53867,6.58,8.9,15,21.5,24.66,28.3,32.42,36.6,39.93,40.01,45.88,49.7645,54.08,55.7632,59.504,63.7473,70.6813
Romania,ROU,Fixed broadband subscriptions (per 100 people),IT.NET.BBND.P2,..,..,0.0272859,0.0723004,0.902865,0.483203,1.76068,5.1332,9.28108,12.0857,13.6283,14.6572,16.144,17.5076,18.8264,20.0459,21.3907,22.479,24.3055,26.0585
Romania,ROU,Fixed telephone subscriptions (per 100 people),IT.MLT.MAIN.P2,16.7727,17.6136,18.7182,19.2888,19.9424,20.3356,20.4648,19.7699,20.9944,22.8042,22.9189,21.9814,23.0126,22.9885,23.4444,22.7591,21.4302,20.7615,19.7924,18.7633
Romania,ROU,Mobile cellular subscriptions (per 100 people),IT.CEL.SETS.P2,6.07899,11.2886,17.4863,23.3859,32.4114,47.3419,62.3521,75.3074,96.985,117.478,121.62,118.993,115.161,112.916,113.795,114.394,116.034,115.678,113.972,116.246
Slovak Republic,SVK,"Adolescent fertility rate (births per 1,000 women ages 15-19)",SP.ADO.TFRT,24.5914,23.2876,21.9838,20.68,20.7664,20.8528,20.9392,21.0256,21.112,21.3824,21.6528,21.9232,22.1936,22.464,23.108,23.752,24.396,25.04,25.684,25.9352
Slovak Republic,SVK,"Death rate, crude (per 1,000 people)",SP.DYN.CDRT.IN,9.7,9.8,9.7,9.6,9.7,9.7,10,9.9,10,9.9,9.8,9.9,9.6,9.7,9.6,9.5,9.9,9.6,9.9,10
Slovak Republic,SVK,"Fertility rate, total (births per woman)",SP.DYN.TFRT.IN,1.33,1.3,1.2,1.19,1.2,1.25,1.27,1.25,1.27,1.34,1.44,1.43,1.45,1.34,1.34,1.37,1.4,1.48,1.52,1.54
Slovak Republic,SVK,Number of under-five deaths,SH.DTH.MORT,579,539,507,482,463,448,437,427,419,411,402,394,385,377,369,362,355,348,341,334
Slovak Republic,SVK,"Population ages 0-14, total",SP.POP.0014.TO,1097328,1062301,1023743,990543,959836,931025,903837,882966,864054,848099,835861,826781,824050,822165,821399,823188,827553,828796,834255,841316
Slovak Republic,SVK,"Population ages 15-64, total",SP.POP.1564.TO,3692468,3717947,3741715,3769282,3794190,3819379,3843700,3857447,3869817,3881205,3890304,3893288,3887870,3882636,3871841,3855758,3834363,3811923,3784686,3754166
Slovak Republic,SVK,"Population ages 65 and above, total",SP.POP.65UP.TO,606224,608472,613409,617087,619348,621876,625270,632641,640750,649929,660241,671359,686464,702778,720154,739703,761885,790079,820292,851289
Slovak Republic,SVK,Population growth (annual %),SP.POP.GROW,0.102053161046239,-0.135376487794425,-0.18301227099618,-0.0363525509687338,-0.0658215070322074,-0.0203617202597358,0.00980913417308711,0.00459711883568263,0.0291784011934372,0.0857552995195914,0.133257321027673,0.0931912731899838,0.128936462723796,0.170183855326072,0.107458009492367,0.0970454215834878,0.0950338786482762,0.128922329956911,0.155178995687406,0.138508159611326
Slovak Republic,SVK,Population density (people per sq. km of land area),EN.POP.DNST,112.183367983368,112.031600831601,111.826756756757,111.786112266112,111.689336936188,111.689812889813,111.700769230769,111.705904365904,111.738503118503,111.834365904366,112.006778956124,112.108874644293,112.260526935178,112.451738887712,112.572642236492,112.700686356073,112.803144205344,112.953369384359,113.128785357737,113.285586522463
Slovak Republic,SVK,"Population, total",SP.POP.TOTL,5396020,5388720,5378867,5376912,5373374,5372280,5372807,5373054,5374622,5379233,5386406,5391428,5398384,5407579,5413393,5418649,5423801,5430798,5439232,5446771
Slovak Republic,SVK,Rural population (% of total population),SP.RUR.TOTL.ZS,43.706,43.767,43.837,43.987,44.137,44.287,44.437,44.588,44.739,44.889,45.04,45.315,45.58,45.72,45.86,46,46.111,46.194,46.249,46.274
Slovak Republic,SVK,Rural population growth (annual %),SP.RUR.TOTL.ZG,0.241728334360388,0.00407049935331803,-0.0231955840379842,0.305225052315478,0.274616642647062,0.318931463545179,0.347911374325025,0.343825072141429,0.367269966811944,0.420482206235819,0.469063216646718,0.701930502858261,0.711994685921019,0.476877922816312,0.413205464598542,0.401876982663192,0.336033933984619,0.308762974674291,0.274148196110307,0.192572421584872
Slovak Republic,SVK,Urban population (% of total population),SP.URB.TOTL.IN.ZS,56.294,56.233,56.163,56.013,55.863,55.713,55.563,55.412,55.261,55.111,54.96,54.685,54.42,54.28,54.14,54,53.889,53.806,53.751,53.726
Slovak Republic,SVK,Urban population growth (annual %),SP.URB.GROW,-0.00625467043029163,-0.24377578251167,-0.30757702264983,-0.303777827167022,-0.333982295641792,-0.289251561103309,-0.259770775137602,-0.267534008003681,-0.243703784090505,-0.186060860612821,-0.141099022585442,-0.408451131443131,-0.356806910813018,-0.0874164776292762,-0.150800099153119,-0.161895078131654,-0.110721647611686,-0.0252184502528786,0.0529274593131155,0.0919662271864974
Slovak Republic,SVK,GDP (constant 2010 US$),NY.GDP.MKTP.KD,54973792939.187,55615077762.2684,57424671557.0293,60014204963.6646,63314435396.6456,66656728458.0401,71071712347.7306,77107959091.6251,85460315452.6891,90224630923.3856,85302396201.0997,90310718349.0156,92882061538.512,94643794862.2674,95274628919.8791,97791393748.0619,102499951243.194,104685996181.882,107871883701.478,111937177499.949
Slovak Republic,SVK,GDP per capita (current US$),NY.GDP.PCAP.CD,5643.6751092567,5413.15062068807,5717.21708969017,6533.55321303732,8712.69879312059,10671.8218610632,11685.7548224391,13159.7594413964,16085.611523338,18677.2927109318,16531.6705140706,16750.7974416083,18361.5694760083,17481.8954435252,18260.0157710019,18674.3440568625,16310.9884090005,16508.6703604932,17556.6008176369,19406.3475337924
Slovak Republic,SVK,Consumer price index (2010 = 100),FP.CPI.TOTL,58.3733859970065,65.3990786628971,70.1925827374023,72.3876046344032,78.5797438882422,84.5113365485892,86.8008204445923,90.6923887133433,93.1925273019569,97.4776872332169,99.052053883253,100,103.919285991463,107.666722102112,109.17456621764,109.091413049504,108.736626198792,108.171184655469,109.590332058318,112.345473695881
Slovak Republic,SVK,"Inflation, consumer prices (annual %)",FP.CPI.TOTL.ZG,10.5704416075224,12.0357805974299,7.32962019115532,3.12714222984604,8.55414305406651,7.54850088183419,2.70908494588391,4.48333120449611,2.75672371638138,4.59817976325028,1.61510464058236,0.957018132975136,3.91928599146294,3.60610263522886,1.40047368963031,-0.0761653295419824,-0.325219777427739,-0.520010196278324,1.31194588223234,2.51403712883808
Slovak Republic,SVK,Current health expenditure (% of GDP),SH.XPD.CHEX.GD.ZS,..,5.30256939,5.3315053,5.50947618,5.44849873,6.37190485,6.58870029,6.85076714,7.17735386,6.9563446,7.94779444,7.74204493,7.35716248,7.55277967,7.50908709,6.89302301,6.79333973,7.11145544,6.76883841,6.68639565
Slovak Republic,SVK,Natural gas rents (% of GDP),NY.GDP.NGAS.RT.ZS,0.00376233335953617,0.0165991008203056,0.0332837184377695,0.0218454462478501,0.020505792949611,0.0126444215195765,0.0106558951791751,0.0252161799136489,0.0138175723206631,0.0145738109841816,0.0142672883106162,0.0111141067767835,0.0179753845256797,0.0244913432527867,0.0184891238467267,0.0104573365099237,0.00764066656837189,0.00464821664119496,0.0102442150618585,0.00914867185534705
Slovak Republic,SVK,Poverty headcount ratio at national poverty lines (% of population),SI.POV.NAHC,..,..,..,..,..,13.3,11.6,10.6,10.9,11,12,13,13.2,12.8,12.6,12.3,12.7,12.4,12.2,..
Slovak Republic,SVK,Social contributions (% of revenue),GC.REV.SOCL.ZS,1.40515192359464,1.34854550179855,1.42154143577948,1.56806224657826,2.08263641002835,1.78952228863296,2.36126273267898,1.49383346360958,1.50033525594221,1.78516960421105,1.91546807575239,2.25225820060635,1.909430002772,1.77954818166713,1.84620805973236,1.91957674320482,1.7619518693545,2.06022364854839,2.66486949782583,2.54690289881432
Slovak Republic,SVK,Out-of-pocket expenditure (% of current health expenditure),SH.XPD.OOPC.CH.ZS,..,10.83896637,10.90437698,11.01689148,12.21277809,21.23348236,23.60951996,26.58822823,27.370327,21.02014542,22.41773987,22.8006134,23.57159042,23.23303604,23.32157707,18.00798798,18.44360924,17.8891201,18.71248436,18.90775299
Slovak Republic,SVK,"New business density (new registrations per 1,000 people ages 15-64)",IC.BUS.NDNS.ZS,..,..,..,..,..,..,..,3.50153871200304,4.13973063842554,4.54111545254631,4.06523500477083,4.50621685320993,4.89368214472192,5.1457308900448,5.62962167093122,3.11923103057816,2.72013891225218,4.72386247046438,5.23715837984974,5.25260026353563
Slovak Republic,SVK,Military expenditure (% of GDP),MS.MIL.XPND.GD.ZS,1.57382654973916,1.6553123819075,1.84316098962007,1.7760268404571,1.84111107563443,1.6520060170675,1.68144094629442,1.59651260799806,1.48095560555653,1.46149259742319,1.5182029487781,1.27113713116158,1.08456790835769,1.09210678719198,0.982878857025952,0.988332043660777,1.12335070571823,1.11663652630357,1.10193325763504,1.21727077073018
Slovak Republic,SVK,Military expenditure (% of general government expenditure),MS.MIL.XPND.ZS,3.28795198360416,3.18187347931873,4.1509681654086,3.93451390539577,4.61356896447376,4.36847539291041,4.22729766119783,4.11864484481731,4.0754157028761,3.9568345323741,3.44387755102041,3.01615168539326,2.65713889274317,2.68788083953961,2.37173439177538,2.3511755877939,2.49131263311288,2.69387270189195,2.74137273873398,2.99623424111772
Slovak Republic,SVK,"Automated teller machines (ATMs) (per 100,000 adults)",FB.ATM.TOTL.P5,..,..,..,..,..,38.2774688685968,41.4860694969982,44.4312004575411,48.0205597166477,49.6564436187497,50.0819132653342,51.2416403721909,52.5759596916185,54.6951703815621,56.2065194336055,58.9059508937188,59.5050571683686,60.0825466829436,60.6734843626798,61.8614230298635
Slovak Republic,SVK,"Employment to population ratio, 15+, total (%) (national estimate)",SL.EMP.TOTL.SP.NE.ZS,49.8754005432129,48.3660011291504,48.755199432373,48.5526008605957,49.7925987243652,48.9203987121582,49.8194999694824,51.2355003356934,52.2910995483398,53.665901184082,51.7924995422363,50.5117988586426,50.7645988464355,50.9424018859863,50.8540000915527,51.5273017883301,52.7970008850098,54.244800567627,55.0731010437012,55.8785018920898
Slovak Republic,SVK,"Labor force participation rate, total (% of total population ages 15+) (national estimate)",SL.TLF.CACT.NE.ZS,59.3381004333496,59.7565994262695,60.4771995544434,59.7358016967773,60.0777015686035,60.0984001159668,59.4902992248535,59.1447982788086,58.8488006591797,59.3042984008789,58.8721008300781,58.9948997497559,58.7671012878418,59.2100982666016,59.2845993041992,59.3522987365723,59.6446990966797,60.0518989562988,59.9474983215332,59.7863006591797
Slovak Republic,SVK,"Labor force, total",SL.TLF.TOTL.IN,2551618,2585035,2632890,2623707,2658451,2674169,2661942,2653642,2650184,2681842,2672217,2683419,2686186,2710943,2718599,2724373,2739915,2763870,2762020,2754200
Slovak Republic,SVK,"Unemployment, total (% of total labor force) (modeled ILO estimate)",SL.UEM.TOTL.ZS,15.9469995498657,19.0620002746582,19.3819999694824,18.7210006713867,17.1200008392334,18.5990009307861,16.2560005187988,13.3730001449585,11.1429996490479,9.50800037384033,12.0249996185303,14.378999710083,13.6169996261597,13.9630002975464,14.2209997177124,13.1840000152588,11.4809999465942,9.67000007629395,8.13099956512451,6.53599977493286
Slovak Republic,SVK,"Self-employed, total (% of total employment) (modeled ILO estimate)",SL.EMP.SELF.ZS,7.58400011062622,7.90500020980835,8.52400016784668,8.47700023651123,9.50599956512451,12.1140003204346,12.6829996109009,12.6499996185303,12.8950004577637,13.7749996185303,15.673999786377,15.9720001220703,15.996000289917,15.5240001678467,15.6129999160767,15.4549999237061,15.1549997329712,15.4259996414185,15.2639999389648,14.8129997253418
Slovak Republic,SVK,"Intentional homicides (per 100,000 people)",VC.IHR.PSRC.P5,2.6122193694,2.3892397532,2.1851872085,2.2406892879,2.5371103313,2.0002318787,1.7225533353,1.5188914908,1.5188861452,1.5927807767,1.4441371641,1.5173122553,1.6269385527,1.163457678,1.3095472821,1.2709995841,0.80947616957,1.0474088483,1.4684549266,1.1369852689
Slovak Republic,SVK,Individuals using the Internet (% of population),IT.NET.USER.ZS,5.43776,9.4268,12.5283,40.14,43.04,52.89,55.19,56.08,61.8,66.05,70,75.71,74.44,76.71,77.8826,79.98,77.6347,80.4759,81.6257,80.6603
Slovak Republic,SVK,Fixed broadband subscriptions (per 100 people),IT.NET.BBND.P2,..,..,..,0.0756094,0.415957,1.45876,3.36246,5.64241,10.1259,11.1992,14.3498,16.227,17.6208,19.3077,20.4559,21.9425,23.4346,24.5597,25.7852,27.6544
Slovak Republic,SVK,Fixed telephone subscriptions (per 100 people),IT.MLT.MAIN.P2,30.6682,31.4487,28.8196,25.9758,23.9762,23.1585,22.1717,21.6236,24.2656,23.8669,22.5812,20.3324,19.5237,18.0015,17.8376,16.922,15.9436,15.134,13.9291,13.2533
Slovak Republic,SVK,Mobile cellular subscriptions (per 100 people),IT.CEL.SETS.P2,12.3029,23.0355,39.7654,54.1355,68.1275,79.1788,84.0971,90.6377,112.399,102.235,101.788,109.635,110.614,112.55,114.51,117.486,122.811,128.444,130.651,132.802
,,,,,,,,,,,,,,,,,,,,,,,
,,,,,,,,,,,,,,,,,,,,,,,
,,,,,,,,,,,,,,,,,,,,,,,
Data from database: World Development Indicators,,,,,,,,,,,,,,,,,,,,,,,
Last Updated: 12/16/2020,,,,,,,,,,,,,,,,,,,,,,,
